--
-- PostgreSQL database dump
--

-- Dumped from database version 17.6
-- Dumped by pg_dump version 17.2

SET statement_timeout = 0;
SET lock_timeout = 0;
SET idle_in_transaction_session_timeout = 0;
SET transaction_timeout = 0;
SET client_encoding = 'UTF8';
SET standard_conforming_strings = on;
SELECT pg_catalog.set_config('search_path', '', false);
SET check_function_bodies = false;
SET xmloption = content;
SET client_min_messages = warning;
SET row_security = off;

--
-- Data for Name: disputes; Type: TABLE DATA; Schema: public; Owner: postgres
--

COPY public.disputes (id, "projectId", reason, status, "resolvedAt", "createdAt", "raisedById", "defendantId", evidence, result, "adminComment", "resolvedById", "updatedAt", "raiserRole", "defendantRole", "disputeType", category, priority, "disputedAmount", "defendantResponse", "defendantEvidence", "defendantRespondedAt", "responseDeadline", "resolutionDeadline", "isOverdue", "parentDisputeId", "isAppealed", "appealReason", "appealedAt", "appealResolution", "appealResolvedAt", "milestoneId", messages, "appealResolvedById", "assignedStaffId", "assignedAt", "currentTier", "escalatedToAdminId", "escalatedAt", "escalationReason", "acceptedSettlementId", "isAutoResolved", "settlementAttempts", "appealDeadline", "infoRequestReason", "infoRequestedById", "infoRequestedAt", "infoProvidedAt", "dismissalHoldUntil", "rejectionAppealReason", "rejectionAppealedAt", "rejectionAppealResolvedById", "rejectionAppealResolution", "rejectionAppealResolvedAt", phase, "triageReason", "triageActorId", "triageAt", "triagePreviousStatus", "infoRequestDeadline", "previewCompletedById", "previewCompletedAt", "groupId") FROM stdin;
d2222222-2222-2222-2222-222222222222	aaaaaaaa-aaaa-aaaa-aaaa-aaaaaaaaaaaa	[TEST] Client refuses to approve milestone despite requirements met.	IN_MEDIATION	\N	2026-01-19 14:49:15.843539	22222222-2222-2222-2222-222222222222	11111111-1111-1111-1111-111111111111	[]	PENDING	\N	\N	2026-01-22 14:49:15.843539	FREELANCER	CLIENT	FREELANCER_VS_CLIENT	PAYMENT	HIGH	2000.00	\N	\N	\N	2026-01-27 14:49:15.843539	2026-02-01 14:49:15.843539	f	\N	f	\N	\N	\N	\N	dddddddd-dddd-dddd-dddd-dddddddddddd	\N	\N	44444444-4444-4444-4444-444444444444	\N	1	\N	\N	\N	\N	f	0	\N	\N	\N	\N	\N	\N	\N	\N	\N	\N	\N	PRESENTATION	\N	\N	\N	\N	\N	\N	\N	d2222222-2222-2222-2222-222222222222
65d9e641-e03b-4300-bc84-931e9358013d	b7bd6bcd-e074-47f6-910e-99c4feaaf7a2	Freelancer is fraud me . He is bad bla bla bla	TRIAGE_PENDING	\N	2026-02-18 13:48:08.932235	af0fd4f6-e9b9-4744-9f8f-b40d264b92c5	12ebc462-d122-4a3a-914a-1a7f08064090	["z7469039950237_661165e258afccae67ff779d6ceba535.jpg"]	PENDING	\N	\N	2026-02-18 13:48:16.215577	CLIENT	FREELANCER	CLIENT_VS_FREELANCER	COMMUNICATION	CRITICAL	2800.00	\N	\N	\N	2026-02-25 20:48:19.759	2026-03-04 20:48:19.759	f	\N	f	\N	\N	\N	\N	28c17977-1b67-46b0-a1c7-e50b589d6665	\N	\N	1cf98242-6725-4ee6-916a-7cdc6d9d5ded	2026-02-18 20:48:27.042	1	\N	\N	\N	\N	f	0	\N	\N	\N	\N	\N	\N	\N	\N	\N	\N	\N	PRESENTATION	\N	\N	\N	\N	\N	\N	\N	65d9e641-e03b-4300-bc84-931e9358013d
d3333333-3333-3333-3333-333333333333	bbbbbbbb-bbbb-bbbb-bbbb-bbbbbbbbbbbb	[TEST] Project was delivered late.	RESOLVED	\N	2026-01-08 14:49:15.843539	11111111-1111-1111-1111-111111111111	22222222-2222-2222-2222-222222222222	[]	WIN_CLIENT	\N	\N	2026-01-21 14:49:15.843539	CLIENT	FREELANCER	CLIENT_VS_FREELANCER	DEADLINE	LOW	500.00	\N	\N	\N	2026-01-12 14:49:15.843539	2026-01-17 14:49:15.843539	f	\N	f	\N	\N	\N	\N	ffffffff-ffff-ffff-ffff-ffffffffffff	\N	\N	44444444-4444-4444-4444-444444444444	\N	1	\N	\N	\N	\N	f	0	\N	\N	\N	\N	\N	\N	\N	\N	\N	\N	\N	PRESENTATION	\N	\N	\N	\N	\N	\N	\N	d3333333-3333-3333-3333-333333333333
80b31fcf-11a8-4e97-bc00-bc47b20c5d1a	82585365-9f3d-41b6-8201-710069617fa9	helelo nwefjewfew nfoqwndoqwnd	PENDING_REVIEW	\N	2026-02-02 09:39:48.043852	af0fd4f6-e9b9-4744-9f8f-b40d264b92c5	261430db-300b-4481-b0c4-dc032c656057	["z7469039950237_661165e258afccae67ff779d6ceba535.jpg"]	PENDING	\N	\N	2026-02-02 09:39:52.001295	CLIENT	BROKER	CLIENT_VS_BROKER	COMMUNICATION	HIGH	15000000.00	\N	\N	\N	2026-02-09 16:39:49.72	2026-02-16 16:39:49.72	f	\N	f	\N	\N	\N	\N	df7c4d63-81f9-44cc-b54a-beccb84ca684	\N	\N	b2c3d4e5-f6a7-8901-bcde-f12345678901	2026-02-02 16:39:53.672	1	\N	\N	\N	\N	f	0	\N	\N	\N	\N	\N	\N	\N	\N	\N	\N	\N	PRESENTATION	\N	\N	\N	\N	\N	\N	\N	80b31fcf-11a8-4e97-bc00-bc47b20c5d1a
dcb11bfe-7723-4e48-8431-d22479e35660	eec21567-121e-458c-9b1b-3ce7f7e25c40	Hello  fewfewfew fwefewfewfew	PENDING_REVIEW	\N	2026-02-06 08:43:13.855778	af0fd4f6-e9b9-4744-9f8f-b40d264b92c5	12ebc462-d122-4a3a-914a-1a7f08064090	["z7469039950237_661165e258afccae67ff779d6ceba535.jpg"]	PENDING	\N	\N	2026-02-16 08:29:28.15057	CLIENT	FREELANCER	CLIENT_VS_FREELANCER	DEADLINE	CRITICAL	10000000.00	\N	\N	\N	2026-02-13 15:43:17.204	2026-02-20 15:43:17.204	f	\N	f	\N	\N	\N	\N	d49b85b5-b9dc-42ff-b729-ab5a491664fc	\N	\N	d8ec8fbf-a407-4799-8618-60f02c085fc1	2026-02-06 15:43:19.86	1	\N	\N	\N	\N	f	0	\N	\N	\N	\N	\N	\N	\N	\N	\N	\N	\N	CROSS_EXAMINATION	\N	\N	\N	\N	\N	\N	\N	dcb11bfe-7723-4e48-8431-d22479e35660
07f4441d-0939-40a1-abf6-26f5c788852f	9f8227ae-868b-49a8-95f9-eba31440291d	Freelancer không bàn giao đúng hạn milestone.	IN_MEDIATION	\N	2026-01-26 05:40:22.48427	af0fd4f6-e9b9-4744-9f8f-b40d264b92c5	12ebc462-d122-4a3a-914a-1a7f08064090	\N	PENDING	\N	\N	2026-01-26 08:11:34.916926	\N	\N	\N	\N	MEDIUM	\N	\N	\N	\N	\N	\N	f	\N	f	\N	\N	\N	\N	ff84f037-58a2-41a2-b2ef-0fd57b98cdb4	\N	\N	d8ec8fbf-a407-4799-8618-60f02c085fc1	2026-01-26 05:40:22.48427	1	\N	\N	\N	\N	f	0	\N	\N	\N	\N	\N	\N	\N	\N	\N	\N	\N	PRESENTATION	\N	\N	\N	\N	\N	\N	\N	07f4441d-0939-40a1-abf6-26f5c788852f
21391944-2e1a-4dc0-b2de-a258a62ca79c	cb0c3c4e-1cc9-4a42-b8d0-16b81f885ac8	Test hiển thị cảnh báo tranh chấp (Fake Milestone)	IN_MEDIATION	\N	2026-01-21 07:58:30.798017	3176aaaa-5917-4c8f-b874-3dc2b65525c1	e0375ca0-ccc5-4795-b580-9f793c1f2a36	\N	PENDING	\N	\N	2026-02-16 02:27:16.224486	\N	\N	\N	\N	MEDIUM	\N	\N	\N	\N	\N	\N	f	\N	f	\N	\N	\N	\N	b9999999-9999-9999-9999-999999999999	\N	\N	d8ec8fbf-a407-4799-8618-60f02c085fc1	2026-02-16 09:27:26.35	1	\N	\N	\N	\N	f	0	\N	\N	\N	\N	\N	\N	\N	\N	\N	\N	\N	PRESENTATION	\N	\N	\N	\N	\N	\N	\N	21391944-2e1a-4dc0-b2de-a258a62ca79c
d1111111-1111-1111-1111-111111111111	aaaaaaaa-aaaa-aaaa-aaaa-aaaaaaaaaaaa	[TEST] The delivered design does not match the approved wireframes.	PENDING_REVIEW	\N	2026-01-22 14:49:15.843539	11111111-1111-1111-1111-111111111111	22222222-2222-2222-2222-222222222222	["https://supa-bucket.com/disputes/d1111111-1111-1111-1111-111111111111/evidence1.png"]	PENDING	\N	\N	2026-02-16 03:07:49.494725	CLIENT	FREELANCER	CLIENT_VS_FREELANCER	QUALITY	MEDIUM	1000.00	\N	\N	\N	2026-01-29 14:49:15.843539	2026-02-05 14:49:15.843539	f	\N	f	\N	\N	\N	\N	cccccccc-cccc-cccc-cccc-cccccccccccc	\N	\N	d8ec8fbf-a407-4799-8618-60f02c085fc1	\N	1	\N	\N	\N	\N	f	0	\N	\N	\N	\N	\N	\N	\N	\N	\N	\N	\N	PRESENTATION	\N	\N	\N	\N	\N	\N	\N	d1111111-1111-1111-1111-111111111111
6fbccedf-568c-4662-98c7-74900542d9f8	bdcffec0-bfc4-49d2-b9d9-9dad5927e7e1	Code tích hợp cổng thanh toán bị lỗi nghiêm trọng, gây mất tiền user.	IN_MEDIATION	\N	2026-01-26 08:34:07.771897	af0fd4f6-e9b9-4744-9f8f-b40d264b92c5	12ebc462-d122-4a3a-914a-1a7f08064090	[{"url": "https://pastebin.com/raw/error_log_123", "type": "LOG", "title": "Error Log"}, {"url": "https://youtube.com/demo_bug", "type": "VIDEO", "title": "Screen Rec"}]	PENDING	\N	\N	2026-01-31 15:36:07.500709	\N	\N	\N	QUALITY	HIGH	\N	\N	\N	\N	\N	\N	f	\N	f	\N	\N	\N	\N	9076d5ca-5b17-4416-b4a1-2ea41e8022cd	\N	\N	d8ec8fbf-a407-4799-8618-60f02c085fc1	2026-01-26 08:34:07.771897	1	\N	\N	\N	\N	f	0	\N	\N	\N	\N	\N	\N	\N	\N	\N	\N	\N	INTERROGATION	\N	\N	\N	\N	\N	\N	\N	6fbccedf-568c-4662-98c7-74900542d9f8
40384bb1-543d-446b-a324-0a35825b727c	d59ae327-b946-4645-bd97-017dc4668125	Đã quá hạn 2 tuần nhưng chưa giao model đạt chuẩn 99%.	IN_MEDIATION	\N	2026-01-26 08:34:07.771897	af0fd4f6-e9b9-4744-9f8f-b40d264b92c5	12ebc462-d122-4a3a-914a-1a7f08064090	[{"url": "https://img.upanh.com/chat_zalo.jpg", "type": "IMAGE", "title": "Chat History Zalo"}]	PENDING	\N	\N	2026-02-16 04:31:04.596548	\N	\N	\N	DEADLINE	MEDIUM	\N	\N	\N	\N	\N	\N	f	\N	f	\N	\N	\N	\N	08153b01-a8e0-45f4-8761-12e84a75e0f4	\N	\N	d8ec8fbf-a407-4799-8618-60f02c085fc1	2026-01-26 08:34:07.771897	1	\N	\N	\N	\N	f	0	\N	\N	\N	\N	\N	\N	\N	\N	\N	\N	\N	PRESENTATION	\N	\N	\N	\N	\N	\N	\N	40384bb1-543d-446b-a324-0a35825b727c
83e30ce7-08fe-4878-9f5f-87c29756edd5	7b8b4097-6ee9-41ce-adc7-7598d439440d	Client yêu cầu thêm tính năng Mobile App không có trong hợp đồng ban đầu.	PREVIEW	\N	2026-01-26 08:34:07.771897	12ebc462-d122-4a3a-914a-1a7f08064090	af0fd4f6-e9b9-4744-9f8f-b40d264b92c5	[{"url": "https://docs.google.com/scope_v1.pdf", "type": "DOCUMENT", "title": "Original Scope PDF"}]	PENDING	\N	\N	2026-02-16 13:17:19.211177	\N	\N	\N	SCOPE_CHANGE	MEDIUM	\N	\N	\N	\N	\N	\N	f	\N	f	\N	\N	\N	\N	555b9817-b3d7-4039-8af4-80b4901c54e7	\N	\N	d8ec8fbf-a407-4799-8618-60f02c085fc1	2026-01-26 08:34:07.771897	1	\N	\N	\N	\N	f	0	\N	\N	\N	\N	\N	\N	\N	\N	\N	\N	\N	PRESENTATION	Accepted into preview by staff	d8ec8fbf-a407-4799-8618-60f02c085fc1	2026-02-16 20:17:28.143	TRIAGE_PENDING	\N	\N	\N	83e30ce7-08fe-4878-9f5f-87c29756edd5
a01bdeb8-bbe1-486d-8a60-4e90654100c4	7ba2da84-a7ff-44e1-b2d1-a55d60aa9d86	Hello help me, alo giúp tôi với	IN_MEDIATION	\N	2026-02-19 12:03:59.816166	af0fd4f6-e9b9-4744-9f8f-b40d264b92c5	12ebc462-d122-4a3a-914a-1a7f08064090	["z7545411165273_9eb82f1f8ed9e8fbd31deb2b4db3190d.jpg"]	PENDING	\N	\N	2026-02-19 16:13:14.085141	CLIENT	FREELANCER	CLIENT_VS_FREELANCER	COMMUNICATION	CRITICAL	3500.00	\N	\N	\N	2026-02-26 19:04:11.409	2026-03-05 19:04:11.409	f	\N	f	\N	\N	\N	\N	ce8cf2e3-136f-46bb-8774-90a292ec2a7f	\N	\N	b2c3d4e5-f6a7-8901-bcde-f12345678911	2026-02-19 19:04:17.375	1	\N	\N	\N	\N	f	0	\N	\N	\N	\N	\N	\N	\N	\N	\N	\N	\N	PRESENTATION	Accepted into preview by staff	b2c3d4e5-f6a7-8901-bcde-f12345678911	2026-02-19 22:10:20.686	TRIAGE_PENDING	\N	b2c3d4e5-f6a7-8901-bcde-f12345678911	2026-02-19 23:13:26.08	a01bdeb8-bbe1-486d-8a60-4e90654100c4
d9a4dd62-da44-4aef-8ac9-9878d9ea28a0	08238db8-4574-4473-b326-17d3b097d0dd	hello j ì[sfnsdodfnesofnewnfew fnweofnewofnewno	IN_MEDIATION	\N	2026-02-19 07:47:29.721596	af0fd4f6-e9b9-4744-9f8f-b40d264b92c5	261430db-300b-4481-b0c4-dc032c656057	["z7545411165273_9eb82f1f8ed9e8fbd31deb2b4db3190d.jpg"]	PENDING	\N	\N	2026-02-21 03:52:11.873511	CLIENT	BROKER	CLIENT_VS_BROKER	QUALITY	CRITICAL	2400.00	\N	\N	\N	2026-02-26 14:47:41.362	2026-03-05 14:47:41.362	f	\N	f	\N	\N	\N	\N	175e9c21-4519-41f4-a948-9abe5f67fb08	cảm ơn anh độ mixi	\N	b2c3d4e5-f6a7-8901-bcde-f12345678911	2026-02-19 14:47:46.576	1	\N	\N	\N	\N	f	0	\N	cần thêm gì đó	b2c3d4e5-f6a7-8901-bcde-f12345678911	2026-02-19 15:18:04.94	2026-02-19 16:45:04.726	\N	\N	\N	\N	\N	\N	PRESENTATION	Accepted into preview by staff	b2c3d4e5-f6a7-8901-bcde-f12345678911	2026-02-19 15:17:52.17	TRIAGE_PENDING	\N	b2c3d4e5-f6a7-8901-bcde-f12345678911	2026-02-21 10:52:23.639	d9a4dd62-da44-4aef-8ac9-9878d9ea28a0
\.


--
-- Data for Name: dispute_hearings; Type: TABLE DATA; Schema: public; Owner: postgres
--

COPY public.dispute_hearings (id, "disputeId", status, "scheduledAt", "startedAt", "endedAt", agenda, "requiredDocuments", "moderatorId", summary, findings, "pendingActions", "hearingNumber", "createdAt", "updatedAt", "externalMeetingLink", "currentSpeakerRole", tier, "isChatRoomActive", "estimatedDurationMinutes", "rescheduleCount", "previousHearingId", "lastRescheduledAt") FROM stdin;
d6018130-fd6d-41ed-a339-abf6eae6aec7	a01bdeb8-bbe1-486d-8a60-4e90654100c4	SCHEDULED	2026-02-19 23:25:00	\N	\N	\N	\N	b2c3d4e5-f6a7-8901-bcde-f12345678911	\N	\N	\N	1	2026-02-19 16:13:22.23728	2026-02-19 16:13:22.23728	\N	MUTED_ALL	TIER_1	f	45	0	\N	\N
8c4fd8f9-9156-4bec-afdf-291f55f55f10	d9a4dd62-da44-4aef-8ac9-9878d9ea28a0	IN_PROGRESS	2026-02-21 13:00:00	2026-02-21 15:37:27.608	\N	\N	\N	b2c3d4e5-f6a7-8901-bcde-f12345678911	\N	\N	\N	1	2026-02-21 03:52:17.683532	2026-02-21 12:24:31.200842	\N	RAISER_ONLY	TIER_1	t	285	0	\N	\N
\.


--
-- Data for Name: dispute_ledgers; Type: TABLE DATA; Schema: public; Owner: postgres
--

COPY public.dispute_ledgers (id, "disputeId", "eventType", "actorId", reason, payload, "previousHash", "canonicalPayload", hash, "createdAt") FROM stdin;
3d34a7fa-1b35-4f01-bd24-bc46dfba9a76	83e30ce7-08fe-4878-9f5f-87c29756edd5	TRIAGE_ACCEPTED	d8ec8fbf-a407-4799-8618-60f02c085fc1	Accepted into preview by staff	{"triageAt": "2026-02-16T13:17:28.143Z", "stateDelta": {"to": "PREVIEW", "from": "TRIAGE_PENDING"}, "assignedStaffId": "d8ec8fbf-a407-4799-8618-60f02c085fc1"}	\N	{"actorId":"d8ec8fbf-a407-4799-8618-60f02c085fc1","disputeId":"83e30ce7-08fe-4878-9f5f-87c29756edd5","eventType":"TRIAGE_ACCEPTED","payload":{"assignedStaffId":"d8ec8fbf-a407-4799-8618-60f02c085fc1","stateDelta":{"from":"TRIAGE_PENDING","to":"PREVIEW"},"triageAt":"2026-02-16T13:17:28.143Z"},"previousHash":null,"reason":"Accepted into preview by staff","recordedAt":"2026-02-16T13:17:28.669Z"}	ae711fa237a61a17e5930097fc5b9b4629efda6dc1ebf83960d801f190a87ed7	2026-02-16 13:17:19.211177
3c9bf64f-0261-4fbc-8c07-53e7ff471398	65d9e641-e03b-4300-bc84-931e9358013d	DISPUTE_CREATED	af0fd4f6-e9b9-4744-9f8f-b40d264b92c5	Freelancer is fraud me . He is bad bla bla bla	{"groupId": "65d9e641-e03b-4300-bc84-931e9358013d", "category": "COMMUNICATION", "stateDelta": {"to": "TRIAGE_PENDING", "from": null}, "disputedAmount": 2800, "parentDisputeId": null}	\N	{"actorId":"af0fd4f6-e9b9-4744-9f8f-b40d264b92c5","disputeId":"65d9e641-e03b-4300-bc84-931e9358013d","eventType":"DISPUTE_CREATED","payload":{"category":"COMMUNICATION","disputedAmount":2800,"groupId":"65d9e641-e03b-4300-bc84-931e9358013d","parentDisputeId":null,"stateDelta":{"from":null,"to":"TRIAGE_PENDING"}},"previousHash":null,"reason":"Freelancer is fraud me . He is bad bla bla bla","recordedAt":"2026-02-18T13:48:24.891Z"}	ed9f7fb9080666cd4d7227eb36f0f671b9e6a96905443105f6c6044cfea0aadc	2026-02-18 13:48:08.932235
024b1c2a-3cb0-48d6-9db0-fd827904f9d9	d9a4dd62-da44-4aef-8ac9-9878d9ea28a0	DISPUTE_CREATED	af0fd4f6-e9b9-4744-9f8f-b40d264b92c5	hello j ì[sfnsdodfnesofnewnfew fnweofnewofnewno	{"groupId": "d9a4dd62-da44-4aef-8ac9-9878d9ea28a0", "category": "QUALITY", "stateDelta": {"to": "TRIAGE_PENDING", "from": null}, "disputedAmount": 2400, "parentDisputeId": null}	\N	{"actorId":"af0fd4f6-e9b9-4744-9f8f-b40d264b92c5","disputeId":"d9a4dd62-da44-4aef-8ac9-9878d9ea28a0","eventType":"DISPUTE_CREATED","payload":{"category":"QUALITY","disputedAmount":2400,"groupId":"d9a4dd62-da44-4aef-8ac9-9878d9ea28a0","parentDisputeId":null,"stateDelta":{"from":null,"to":"TRIAGE_PENDING"}},"previousHash":null,"reason":"hello j ì[sfnsdodfnesofnewnfew fnweofnewofnewno","recordedAt":"2026-02-19T07:47:45.230Z"}	8eef99dcea9c821d8f9b25b782f35a0f6341c87512f6c2fb6b148e0c94392f71	2026-02-19 07:47:29.721596
fa6739f5-1237-4499-8bbe-4184efcda93e	d9a4dd62-da44-4aef-8ac9-9878d9ea28a0	TRIAGE_ACCEPTED	b2c3d4e5-f6a7-8901-bcde-f12345678911	Accepted into preview by staff	{"triageAt": "2026-02-19T08:17:52.170Z", "stateDelta": {"to": "PREVIEW", "from": "TRIAGE_PENDING"}, "assignedStaffId": "b2c3d4e5-f6a7-8901-bcde-f12345678911"}	8eef99dcea9c821d8f9b25b782f35a0f6341c87512f6c2fb6b148e0c94392f71	{"actorId":"b2c3d4e5-f6a7-8901-bcde-f12345678911","disputeId":"d9a4dd62-da44-4aef-8ac9-9878d9ea28a0","eventType":"TRIAGE_ACCEPTED","payload":{"assignedStaffId":"b2c3d4e5-f6a7-8901-bcde-f12345678911","stateDelta":{"from":"TRIAGE_PENDING","to":"PREVIEW"},"triageAt":"2026-02-19T08:17:52.170Z"},"previousHash":"8eef99dcea9c821d8f9b25b782f35a0f6341c87512f6c2fb6b148e0c94392f71","reason":"Accepted into preview by staff","recordedAt":"2026-02-19T08:17:52.766Z"}	c7f7da6017c5af01284acf58e020618eea72c2b03a450a1ebd116fc4bbbd1ca0	2026-02-19 08:17:40.204236
a57e4717-8911-4ba2-a322-af7b7080dd3d	d9a4dd62-da44-4aef-8ac9-9878d9ea28a0	INFO_REQUESTED	b2c3d4e5-f6a7-8901-bcde-f12345678911	cần thêm gì đó	{"deadlineAt": null, "stateDelta": {"to": "INFO_REQUESTED", "from": "PREVIEW"}}	c7f7da6017c5af01284acf58e020618eea72c2b03a450a1ebd116fc4bbbd1ca0	{"actorId":"b2c3d4e5-f6a7-8901-bcde-f12345678911","disputeId":"d9a4dd62-da44-4aef-8ac9-9878d9ea28a0","eventType":"INFO_REQUESTED","payload":{"deadlineAt":null,"stateDelta":{"from":"PREVIEW","to":"INFO_REQUESTED"}},"previousHash":"c7f7da6017c5af01284acf58e020618eea72c2b03a450a1ebd116fc4bbbd1ca0","reason":"cần thêm gì đó","recordedAt":"2026-02-19T08:18:05.611Z"}	c46f6fe68f37890116eda9a9c860e93aa928d830863d82f54db44335cbb5c7f1	2026-02-19 08:17:53.163869
ac6517ff-6613-4880-ad7a-020416332770	a01bdeb8-bbe1-486d-8a60-4e90654100c4	DISPUTE_CREATED	af0fd4f6-e9b9-4744-9f8f-b40d264b92c5	Hello help me, alo giúp tôi với	{"groupId": "a01bdeb8-bbe1-486d-8a60-4e90654100c4", "category": "COMMUNICATION", "stateDelta": {"to": "TRIAGE_PENDING", "from": null}, "disputedAmount": 3500, "parentDisputeId": null}	\N	{"actorId":"af0fd4f6-e9b9-4744-9f8f-b40d264b92c5","disputeId":"a01bdeb8-bbe1-486d-8a60-4e90654100c4","eventType":"DISPUTE_CREATED","payload":{"category":"COMMUNICATION","disputedAmount":3500,"groupId":"a01bdeb8-bbe1-486d-8a60-4e90654100c4","parentDisputeId":null,"stateDelta":{"from":null,"to":"TRIAGE_PENDING"}},"previousHash":null,"reason":"Hello help me, alo giúp tôi với","recordedAt":"2026-02-19T12:04:15.734Z"}	f44e06570d9ffe5d58c4b20a41dc80f6a7fc856515dfef5d75699d95112fb13d	2026-02-19 12:03:59.816166
cdfbcc27-4dfb-40a4-a5a9-0fb704755cea	a01bdeb8-bbe1-486d-8a60-4e90654100c4	TRIAGE_ACCEPTED	b2c3d4e5-f6a7-8901-bcde-f12345678911	Accepted into preview by staff	{"triageAt": "2026-02-19T15:10:20.686Z", "stateDelta": {"to": "PREVIEW", "from": "TRIAGE_PENDING"}, "assignedStaffId": "b2c3d4e5-f6a7-8901-bcde-f12345678911"}	f44e06570d9ffe5d58c4b20a41dc80f6a7fc856515dfef5d75699d95112fb13d	{"actorId":"b2c3d4e5-f6a7-8901-bcde-f12345678911","disputeId":"a01bdeb8-bbe1-486d-8a60-4e90654100c4","eventType":"TRIAGE_ACCEPTED","payload":{"assignedStaffId":"b2c3d4e5-f6a7-8901-bcde-f12345678911","stateDelta":{"from":"TRIAGE_PENDING","to":"PREVIEW"},"triageAt":"2026-02-19T15:10:20.686Z"},"previousHash":"f44e06570d9ffe5d58c4b20a41dc80f6a7fc856515dfef5d75699d95112fb13d","reason":"Accepted into preview by staff","recordedAt":"2026-02-19T15:10:21.278Z"}	271debf2b4f73195a6cbf07b1bf0b34f6c2bdaea6b93c71a851d0800581bcad5	2026-02-19 15:10:08.7208
70137463-2435-48c8-ba20-e8b19ff0b37c	a01bdeb8-bbe1-486d-8a60-4e90654100c4	PREVIEW_COMPLETED	b2c3d4e5-f6a7-8901-bcde-f12345678911	\N	{"stateDelta": {"to": "IN_MEDIATION", "from": "PREVIEW"}}	271debf2b4f73195a6cbf07b1bf0b34f6c2bdaea6b93c71a851d0800581bcad5	{"actorId":"b2c3d4e5-f6a7-8901-bcde-f12345678911","disputeId":"a01bdeb8-bbe1-486d-8a60-4e90654100c4","eventType":"PREVIEW_COMPLETED","payload":{"stateDelta":{"from":"PREVIEW","to":"IN_MEDIATION"}},"previousHash":"271debf2b4f73195a6cbf07b1bf0b34f6c2bdaea6b93c71a851d0800581bcad5","reason":null,"recordedAt":"2026-02-19T16:13:26.699Z"}	c8831419746685458039d1b2f7df7d970e2af3ff8c51a16d2211e268e280ec51	2026-02-19 16:13:14.085141
f453b55c-399d-40bd-881a-7c5d30ab4d8d	a01bdeb8-bbe1-486d-8a60-4e90654100c4	HEARING_SCHEDULED	\N	\N	{"hearingId": "d6018130-fd6d-41ed-a339-abf6eae6aec7", "scheduledAt": "2026-02-20T16:15:00.000Z"}	c8831419746685458039d1b2f7df7d970e2af3ff8c51a16d2211e268e280ec51	{"actorId":null,"disputeId":"a01bdeb8-bbe1-486d-8a60-4e90654100c4","eventType":"HEARING_SCHEDULED","payload":{"hearingId":"d6018130-fd6d-41ed-a339-abf6eae6aec7","scheduledAt":"2026-02-20T16:15:00.000Z"},"previousHash":"c8831419746685458039d1b2f7df7d970e2af3ff8c51a16d2211e268e280ec51","reason":null,"recordedAt":"2026-02-19T16:13:34.940Z"}	16fcb95e114c1772dde77640792133c29fb482cb0922bfc678212f2fd47416ec	2026-02-19 16:13:23.283191
59ec2a7e-f95f-488e-a6c5-641c6826703d	a01bdeb8-bbe1-486d-8a60-4e90654100c4	HEARING_REMINDER_SENT	af0fd4f6-e9b9-4744-9f8f-b40d264b92c5	\N	{"hearingId": "d6018130-fd6d-41ed-a339-abf6eae6aec7", "scheduledAt": "2026-02-20T16:15:00.000Z", "reminderType": "T24H", "notificationId": "95f9a482-3c31-4f09-96c6-330641b46e84"}	16fcb95e114c1772dde77640792133c29fb482cb0922bfc678212f2fd47416ec	{"actorId":"af0fd4f6-e9b9-4744-9f8f-b40d264b92c5","disputeId":"a01bdeb8-bbe1-486d-8a60-4e90654100c4","eventType":"HEARING_REMINDER_SENT","payload":{"hearingId":"d6018130-fd6d-41ed-a339-abf6eae6aec7","notificationId":"95f9a482-3c31-4f09-96c6-330641b46e84","reminderType":"T24H","scheduledAt":"2026-02-20T16:15:00.000Z"},"previousHash":"16fcb95e114c1772dde77640792133c29fb482cb0922bfc678212f2fd47416ec","reason":null,"recordedAt":"2026-02-19T16:14:05.131Z"}	ba3e6fa4d039cc88fb0f24b46530c26eb895d1bb733516d0d5df43cbafbf637c	2026-02-19 16:13:53.473794
bd1da9cf-c4a3-4592-a98f-bba81954636d	a01bdeb8-bbe1-486d-8a60-4e90654100c4	HEARING_REMINDER_SENT	12ebc462-d122-4a3a-914a-1a7f08064090	\N	{"hearingId": "d6018130-fd6d-41ed-a339-abf6eae6aec7", "scheduledAt": "2026-02-20T16:15:00.000Z", "reminderType": "T24H", "notificationId": "46b7eaac-7650-4bb7-aaf4-8e27a824c89a"}	ba3e6fa4d039cc88fb0f24b46530c26eb895d1bb733516d0d5df43cbafbf637c	{"actorId":"12ebc462-d122-4a3a-914a-1a7f08064090","disputeId":"a01bdeb8-bbe1-486d-8a60-4e90654100c4","eventType":"HEARING_REMINDER_SENT","payload":{"hearingId":"d6018130-fd6d-41ed-a339-abf6eae6aec7","notificationId":"46b7eaac-7650-4bb7-aaf4-8e27a824c89a","reminderType":"T24H","scheduledAt":"2026-02-20T16:15:00.000Z"},"previousHash":"ba3e6fa4d039cc88fb0f24b46530c26eb895d1bb733516d0d5df43cbafbf637c","reason":null,"recordedAt":"2026-02-19T16:14:08.538Z"}	2178a2fcaa2ba6d5f23638a7aa84004f06eadafb2a603de230a9f54707f264a0	2026-02-19 16:13:56.881641
521c5c97-13e7-4b1f-98a5-a902f0e30414	a01bdeb8-bbe1-486d-8a60-4e90654100c4	HEARING_REMINDER_SENT	b2c3d4e5-f6a7-8901-bcde-f12345678911	\N	{"hearingId": "d6018130-fd6d-41ed-a339-abf6eae6aec7", "scheduledAt": "2026-02-20T16:15:00.000Z", "reminderType": "T24H", "notificationId": "4897709e-eae2-4720-9483-90ab02b39794"}	2178a2fcaa2ba6d5f23638a7aa84004f06eadafb2a603de230a9f54707f264a0	{"actorId":"b2c3d4e5-f6a7-8901-bcde-f12345678911","disputeId":"a01bdeb8-bbe1-486d-8a60-4e90654100c4","eventType":"HEARING_REMINDER_SENT","payload":{"hearingId":"d6018130-fd6d-41ed-a339-abf6eae6aec7","notificationId":"4897709e-eae2-4720-9483-90ab02b39794","reminderType":"T24H","scheduledAt":"2026-02-20T16:15:00.000Z"},"previousHash":"2178a2fcaa2ba6d5f23638a7aa84004f06eadafb2a603de230a9f54707f264a0","reason":null,"recordedAt":"2026-02-19T16:14:13.058Z"}	d97c40555343d0ce870ade5ba1aee297e7f51e607a9f1391664515568b74a2db	2026-02-19 16:14:01.403013
857c1d08-ebdf-4bc4-af9f-66aa4d60b592	a01bdeb8-bbe1-486d-8a60-4e90654100c4	HEARING_REMINDER_SENT	261430db-300b-4481-b0c4-dc032c656057	\N	{"hearingId": "d6018130-fd6d-41ed-a339-abf6eae6aec7", "scheduledAt": "2026-02-20T16:15:00.000Z", "reminderType": "T24H", "notificationId": "0754f57a-5caf-4a4f-a573-138331c9a487"}	d97c40555343d0ce870ade5ba1aee297e7f51e607a9f1391664515568b74a2db	{"actorId":"261430db-300b-4481-b0c4-dc032c656057","disputeId":"a01bdeb8-bbe1-486d-8a60-4e90654100c4","eventType":"HEARING_REMINDER_SENT","payload":{"hearingId":"d6018130-fd6d-41ed-a339-abf6eae6aec7","notificationId":"0754f57a-5caf-4a4f-a573-138331c9a487","reminderType":"T24H","scheduledAt":"2026-02-20T16:15:00.000Z"},"previousHash":"d97c40555343d0ce870ade5ba1aee297e7f51e607a9f1391664515568b74a2db","reason":null,"recordedAt":"2026-02-19T16:14:16.643Z"}	18dfc7d1e5be7cb15be5c8c7a26249de097fb719ab5131f48c5635b34326075b	2026-02-19 16:14:04.986291
130939f9-0063-4639-8d7f-88be63cd8744	d9a4dd62-da44-4aef-8ac9-9878d9ea28a0	PREVIEW_COMPLETED	b2c3d4e5-f6a7-8901-bcde-f12345678911	\N	{"stateDelta": {"to": "IN_MEDIATION", "from": "PREVIEW"}}	c46f6fe68f37890116eda9a9c860e93aa928d830863d82f54db44335cbb5c7f1	{"actorId":"b2c3d4e5-f6a7-8901-bcde-f12345678911","disputeId":"d9a4dd62-da44-4aef-8ac9-9878d9ea28a0","eventType":"PREVIEW_COMPLETED","payload":{"stateDelta":{"from":"PREVIEW","to":"IN_MEDIATION"}},"previousHash":"c46f6fe68f37890116eda9a9c860e93aa928d830863d82f54db44335cbb5c7f1","reason":null,"recordedAt":"2026-02-21T03:52:24.165Z"}	f693367ee8f7b3442c340908f96f6b7e71f6011af0ee9cb678d947b3738165ab	2026-02-21 03:52:11.873511
13cf6e72-9750-4a24-b978-3e0b4ebb9729	d9a4dd62-da44-4aef-8ac9-9878d9ea28a0	HEARING_SCHEDULED	\N	\N	{"hearingId": "8c4fd8f9-9156-4bec-afdf-291f55f55f10", "scheduledAt": "2026-02-22T06:00:00.000Z"}	f693367ee8f7b3442c340908f96f6b7e71f6011af0ee9cb678d947b3738165ab	{"actorId":null,"disputeId":"d9a4dd62-da44-4aef-8ac9-9878d9ea28a0","eventType":"HEARING_SCHEDULED","payload":{"hearingId":"8c4fd8f9-9156-4bec-afdf-291f55f55f10","scheduledAt":"2026-02-22T06:00:00.000Z"},"previousHash":"f693367ee8f7b3442c340908f96f6b7e71f6011af0ee9cb678d947b3738165ab","reason":null,"recordedAt":"2026-02-21T03:52:30.084Z"}	b9a44a985908faaf50e60878b07eb5cfacaf9313b0bcfff215b31ea927219878	2026-02-21 03:52:18.570568
0d3faf43-ebc1-4a76-8e1f-406ce8194a14	d9a4dd62-da44-4aef-8ac9-9878d9ea28a0	HEARING_REMINDER_SENT	af0fd4f6-e9b9-4744-9f8f-b40d264b92c5	\N	{"hearingId": "8c4fd8f9-9156-4bec-afdf-291f55f55f10", "scheduledAt": "2026-02-22T06:00:00.000Z", "reminderType": "T24H", "notificationId": "153fc044-5bda-4c87-8686-1af653c65f8d"}	b9a44a985908faaf50e60878b07eb5cfacaf9313b0bcfff215b31ea927219878	{"actorId":"af0fd4f6-e9b9-4744-9f8f-b40d264b92c5","disputeId":"d9a4dd62-da44-4aef-8ac9-9878d9ea28a0","eventType":"HEARING_REMINDER_SENT","payload":{"hearingId":"8c4fd8f9-9156-4bec-afdf-291f55f55f10","notificationId":"153fc044-5bda-4c87-8686-1af653c65f8d","reminderType":"T24H","scheduledAt":"2026-02-22T06:00:00.000Z"},"previousHash":"b9a44a985908faaf50e60878b07eb5cfacaf9313b0bcfff215b31ea927219878","reason":null,"recordedAt":"2026-02-21T05:58:06.339Z"}	ce1fde85cc32750638c92b39bc39efa9fadcde7cb08382b05759005023905f68	2026-02-21 05:57:54.803937
e3edccd9-075b-49d6-b8e7-1de84c89bd97	d9a4dd62-da44-4aef-8ac9-9878d9ea28a0	HEARING_REMINDER_SENT	261430db-300b-4481-b0c4-dc032c656057	\N	{"hearingId": "8c4fd8f9-9156-4bec-afdf-291f55f55f10", "scheduledAt": "2026-02-22T06:00:00.000Z", "reminderType": "T24H", "notificationId": "d4ced338-f5b3-4bad-87d6-844541d35665"}	ce1fde85cc32750638c92b39bc39efa9fadcde7cb08382b05759005023905f68	{"actorId":"261430db-300b-4481-b0c4-dc032c656057","disputeId":"d9a4dd62-da44-4aef-8ac9-9878d9ea28a0","eventType":"HEARING_REMINDER_SENT","payload":{"hearingId":"8c4fd8f9-9156-4bec-afdf-291f55f55f10","notificationId":"d4ced338-f5b3-4bad-87d6-844541d35665","reminderType":"T24H","scheduledAt":"2026-02-22T06:00:00.000Z"},"previousHash":"ce1fde85cc32750638c92b39bc39efa9fadcde7cb08382b05759005023905f68","reason":null,"recordedAt":"2026-02-21T05:58:12.039Z"}	3888ad44b4d365d329b47b978119ad50f0ad0b4b71e34d646658b1a9341928ad	2026-02-21 05:58:00.51453
82a80d38-a9cc-4e15-a9b8-01c039a256ed	d9a4dd62-da44-4aef-8ac9-9878d9ea28a0	HEARING_REMINDER_SENT	12ebc462-d122-4a3a-914a-1a7f08064090	\N	{"hearingId": "8c4fd8f9-9156-4bec-afdf-291f55f55f10", "scheduledAt": "2026-02-22T06:00:00.000Z", "reminderType": "T24H", "notificationId": "954b355c-c644-442a-8993-b42dc5315257"}	3888ad44b4d365d329b47b978119ad50f0ad0b4b71e34d646658b1a9341928ad	{"actorId":"12ebc462-d122-4a3a-914a-1a7f08064090","disputeId":"d9a4dd62-da44-4aef-8ac9-9878d9ea28a0","eventType":"HEARING_REMINDER_SENT","payload":{"hearingId":"8c4fd8f9-9156-4bec-afdf-291f55f55f10","notificationId":"954b355c-c644-442a-8993-b42dc5315257","reminderType":"T24H","scheduledAt":"2026-02-22T06:00:00.000Z"},"previousHash":"3888ad44b4d365d329b47b978119ad50f0ad0b4b71e34d646658b1a9341928ad","reason":null,"recordedAt":"2026-02-21T05:58:17.289Z"}	47ff1f6539168a62d1b325e97810dd7a577d319c3fcaa03dd8b1397c0c48363c	2026-02-21 05:58:05.755389
7c83f612-4201-44c4-aaf7-f10a2438206a	d9a4dd62-da44-4aef-8ac9-9878d9ea28a0	HEARING_REMINDER_SENT	b2c3d4e5-f6a7-8901-bcde-f12345678911	\N	{"hearingId": "8c4fd8f9-9156-4bec-afdf-291f55f55f10", "scheduledAt": "2026-02-22T06:00:00.000Z", "reminderType": "T24H", "notificationId": "f630457c-011a-4df6-8158-38b905a3cbe3"}	47ff1f6539168a62d1b325e97810dd7a577d319c3fcaa03dd8b1397c0c48363c	{"actorId":"b2c3d4e5-f6a7-8901-bcde-f12345678911","disputeId":"d9a4dd62-da44-4aef-8ac9-9878d9ea28a0","eventType":"HEARING_REMINDER_SENT","payload":{"hearingId":"8c4fd8f9-9156-4bec-afdf-291f55f55f10","notificationId":"f630457c-011a-4df6-8158-38b905a3cbe3","reminderType":"T24H","scheduledAt":"2026-02-22T06:00:00.000Z"},"previousHash":"47ff1f6539168a62d1b325e97810dd7a577d319c3fcaa03dd8b1397c0c48363c","reason":null,"recordedAt":"2026-02-21T05:58:22.457Z"}	ef810fc23b5e866a73913cfe91e68c5abbe3d558a2e4d2517e277a54535f8fea	2026-02-21 05:58:10.912175
73947779-e179-4b3e-aba4-e9aad2440779	d9a4dd62-da44-4aef-8ac9-9878d9ea28a0	HEARING_STARTED	b2c3d4e5-f6a7-8901-bcde-f12345678911	\N	{"hearingId": "8c4fd8f9-9156-4bec-afdf-291f55f55f10", "startedAt": "2026-02-21T08:37:27.608Z"}	ef810fc23b5e866a73913cfe91e68c5abbe3d558a2e4d2517e277a54535f8fea	{"actorId":"b2c3d4e5-f6a7-8901-bcde-f12345678911","disputeId":"d9a4dd62-da44-4aef-8ac9-9878d9ea28a0","eventType":"HEARING_STARTED","payload":{"hearingId":"8c4fd8f9-9156-4bec-afdf-291f55f55f10","startedAt":"2026-02-21T08:37:27.608Z"},"previousHash":"ef810fc23b5e866a73913cfe91e68c5abbe3d558a2e4d2517e277a54535f8fea","reason":null,"recordedAt":"2026-02-21T08:37:28.668Z"}	e62278993595475d8d0c16d6e7c979f9fdcf403f5c538fc191787305cebe05ba	2026-02-21 08:37:17.112804
8fa6982b-adb8-40ed-a91b-00b560c193b7	d9a4dd62-da44-4aef-8ac9-9878d9ea28a0	HEARING_EXTENDED	b2c3d4e5-f6a7-8901-bcde-f12345678911	Hnifwefwe	{"hearingId": "8c4fd8f9-9156-4bec-afdf-291f55f55f10", "additionalMinutes": 240, "newDurationMinutes": 285, "calendarEventUpdated": true, "previousDurationMinutes": 45}	e62278993595475d8d0c16d6e7c979f9fdcf403f5c538fc191787305cebe05ba	{"actorId":"b2c3d4e5-f6a7-8901-bcde-f12345678911","disputeId":"d9a4dd62-da44-4aef-8ac9-9878d9ea28a0","eventType":"HEARING_EXTENDED","payload":{"additionalMinutes":240,"calendarEventUpdated":true,"hearingId":"8c4fd8f9-9156-4bec-afdf-291f55f55f10","newDurationMinutes":285,"previousDurationMinutes":45},"previousHash":"e62278993595475d8d0c16d6e7c979f9fdcf403f5c538fc191787305cebe05ba","reason":"Hnifwefwe","recordedAt":"2026-02-21T10:59:41.527Z"}	b471c900e228dc99f39e7f19b3d99b92687715b0e80779beaeed330af2008cb0	2026-02-21 10:59:29.95679
\.


--
-- Data for Name: dispute_parties; Type: TABLE DATA; Schema: public; Owner: postgres
--

COPY public.dispute_parties (id, "groupId", "disputeId", "userId", role, side, "joinedAt") FROM stdin;
0906c52e-2894-4e01-ba86-b1b23a2669db	d2222222-2222-2222-2222-222222222222	d2222222-2222-2222-2222-222222222222	22222222-2222-2222-2222-222222222222	FREELANCER	RAISER	2026-02-16 13:13:21.28461
13b3129e-9cce-40ec-9162-405b081157b2	d3333333-3333-3333-3333-333333333333	d3333333-3333-3333-3333-333333333333	11111111-1111-1111-1111-111111111111	CLIENT	RAISER	2026-02-16 13:13:21.28461
6a32e0db-28bf-4152-91cd-659b1ce160d5	07f4441d-0939-40a1-abf6-26f5c788852f	07f4441d-0939-40a1-abf6-26f5c788852f	af0fd4f6-e9b9-4744-9f8f-b40d264b92c5	\N	RAISER	2026-02-16 13:13:21.28461
02de38f9-044f-4751-9605-677fc8414c72	21391944-2e1a-4dc0-b2de-a258a62ca79c	21391944-2e1a-4dc0-b2de-a258a62ca79c	3176aaaa-5917-4c8f-b874-3dc2b65525c1	\N	RAISER	2026-02-16 13:13:21.28461
29f4d8dc-3249-479a-a410-88305de6130a	d1111111-1111-1111-1111-111111111111	d1111111-1111-1111-1111-111111111111	11111111-1111-1111-1111-111111111111	CLIENT	RAISER	2026-02-16 13:13:21.28461
12195837-bf04-4283-9353-8cd2e2742276	6fbccedf-568c-4662-98c7-74900542d9f8	6fbccedf-568c-4662-98c7-74900542d9f8	af0fd4f6-e9b9-4744-9f8f-b40d264b92c5	\N	RAISER	2026-02-16 13:13:21.28461
6bf163a0-413b-4ec0-9a48-7bfaae5b8594	40384bb1-543d-446b-a324-0a35825b727c	40384bb1-543d-446b-a324-0a35825b727c	af0fd4f6-e9b9-4744-9f8f-b40d264b92c5	\N	RAISER	2026-02-16 13:13:21.28461
6eb4be23-e35f-490b-9d17-64b658ae13b2	80b31fcf-11a8-4e97-bc00-bc47b20c5d1a	80b31fcf-11a8-4e97-bc00-bc47b20c5d1a	af0fd4f6-e9b9-4744-9f8f-b40d264b92c5	CLIENT	RAISER	2026-02-16 13:13:21.28461
b54699de-e996-4eee-9a2f-f251c67e94d1	dcb11bfe-7723-4e48-8431-d22479e35660	dcb11bfe-7723-4e48-8431-d22479e35660	af0fd4f6-e9b9-4744-9f8f-b40d264b92c5	CLIENT	RAISER	2026-02-16 13:13:21.28461
8ec532dd-9b6d-4cf4-ba68-370b17e9e066	83e30ce7-08fe-4878-9f5f-87c29756edd5	83e30ce7-08fe-4878-9f5f-87c29756edd5	12ebc462-d122-4a3a-914a-1a7f08064090	\N	RAISER	2026-02-16 13:13:21.28461
29bf3029-8960-4085-bdac-1e8ff6524d3b	d2222222-2222-2222-2222-222222222222	d2222222-2222-2222-2222-222222222222	11111111-1111-1111-1111-111111111111	CLIENT	DEFENDANT	2026-02-16 13:13:21.444596
5f20532f-ec7b-44d5-bef7-19a201cf8a98	d3333333-3333-3333-3333-333333333333	d3333333-3333-3333-3333-333333333333	22222222-2222-2222-2222-222222222222	FREELANCER	DEFENDANT	2026-02-16 13:13:21.444596
60acb477-1a2c-4cbc-bf6b-28d015399d40	07f4441d-0939-40a1-abf6-26f5c788852f	07f4441d-0939-40a1-abf6-26f5c788852f	12ebc462-d122-4a3a-914a-1a7f08064090	\N	DEFENDANT	2026-02-16 13:13:21.444596
7cf78136-b49a-481a-b8c4-79ea699a1d24	21391944-2e1a-4dc0-b2de-a258a62ca79c	21391944-2e1a-4dc0-b2de-a258a62ca79c	e0375ca0-ccc5-4795-b580-9f793c1f2a36	\N	DEFENDANT	2026-02-16 13:13:21.444596
abc1fd67-7490-40e4-97d3-bc9cd782b788	d1111111-1111-1111-1111-111111111111	d1111111-1111-1111-1111-111111111111	22222222-2222-2222-2222-222222222222	FREELANCER	DEFENDANT	2026-02-16 13:13:21.444596
c099e842-4de9-46f3-a710-a969df6ad1da	6fbccedf-568c-4662-98c7-74900542d9f8	6fbccedf-568c-4662-98c7-74900542d9f8	12ebc462-d122-4a3a-914a-1a7f08064090	\N	DEFENDANT	2026-02-16 13:13:21.444596
28fe962f-6dc9-4412-a20a-9901e5dc4261	40384bb1-543d-446b-a324-0a35825b727c	40384bb1-543d-446b-a324-0a35825b727c	12ebc462-d122-4a3a-914a-1a7f08064090	\N	DEFENDANT	2026-02-16 13:13:21.444596
b2ca7035-a022-426c-81a1-56478ae9f3bb	80b31fcf-11a8-4e97-bc00-bc47b20c5d1a	80b31fcf-11a8-4e97-bc00-bc47b20c5d1a	261430db-300b-4481-b0c4-dc032c656057	BROKER	DEFENDANT	2026-02-16 13:13:21.444596
4210238e-e59c-4824-b290-d5ac6664dbfc	dcb11bfe-7723-4e48-8431-d22479e35660	dcb11bfe-7723-4e48-8431-d22479e35660	12ebc462-d122-4a3a-914a-1a7f08064090	FREELANCER	DEFENDANT	2026-02-16 13:13:21.444596
5d5e8d8d-bd75-4953-806c-d09f1c5f604e	83e30ce7-08fe-4878-9f5f-87c29756edd5	83e30ce7-08fe-4878-9f5f-87c29756edd5	af0fd4f6-e9b9-4744-9f8f-b40d264b92c5	\N	DEFENDANT	2026-02-16 13:13:21.444596
69057990-32d1-42b0-b6c4-a791c3c52a54	65d9e641-e03b-4300-bc84-931e9358013d	65d9e641-e03b-4300-bc84-931e9358013d	af0fd4f6-e9b9-4744-9f8f-b40d264b92c5	CLIENT	RAISER	2026-02-18 13:48:08.932235
376ab509-ed5c-4a62-b9cf-8ad1b1dd2014	65d9e641-e03b-4300-bc84-931e9358013d	65d9e641-e03b-4300-bc84-931e9358013d	12ebc462-d122-4a3a-914a-1a7f08064090	FREELANCER	DEFENDANT	2026-02-18 13:48:08.932235
85f665c3-8432-45f1-9a9a-2435cb7bc916	d9a4dd62-da44-4aef-8ac9-9878d9ea28a0	d9a4dd62-da44-4aef-8ac9-9878d9ea28a0	af0fd4f6-e9b9-4744-9f8f-b40d264b92c5	CLIENT	RAISER	2026-02-19 07:47:29.721596
ec5cf709-d4c5-43d8-8761-211bfb8e4075	d9a4dd62-da44-4aef-8ac9-9878d9ea28a0	d9a4dd62-da44-4aef-8ac9-9878d9ea28a0	261430db-300b-4481-b0c4-dc032c656057	BROKER	DEFENDANT	2026-02-19 07:47:29.721596
22e391bc-b7c5-4ce2-9eec-2366814152a5	a01bdeb8-bbe1-486d-8a60-4e90654100c4	a01bdeb8-bbe1-486d-8a60-4e90654100c4	af0fd4f6-e9b9-4744-9f8f-b40d264b92c5	CLIENT	RAISER	2026-02-19 12:03:59.816166
dff5afd1-161e-45da-bdf7-f2eda2b515f0	a01bdeb8-bbe1-486d-8a60-4e90654100c4	a01bdeb8-bbe1-486d-8a60-4e90654100c4	12ebc462-d122-4a3a-914a-1a7f08064090	FREELANCER	DEFENDANT	2026-02-19 12:03:59.816166
\.


--
-- Data for Name: hearing_participants; Type: TABLE DATA; Schema: public; Owner: postgres
--

COPY public.hearing_participants (id, "hearingId", "userId", role, "invitedAt", "confirmedAt", "joinedAt", "leftAt", "isOnline", "hasSubmittedStatement", "createdAt", "isRequired", "responseDeadline", "declineReason", "lastOnlineAt", "totalOnlineMinutes") FROM stdin;
4038db22-4b9e-4d14-95df-1c70a592bc8a	8c4fd8f9-9156-4bec-afdf-291f55f55f10	af0fd4f6-e9b9-4744-9f8f-b40d264b92c5	RAISER	2026-02-21 10:52:29.198	\N	2026-02-21 13:08:07.322	2026-02-21 17:54:52.064	t	f	2026-02-21 03:52:17.683532	t	2026-02-22 11:00:00	\N	2026-02-21 17:55:20.35	7
37f9ea5b-8945-472f-916d-297b6c214324	8c4fd8f9-9156-4bec-afdf-291f55f55f10	12ebc462-d122-4a3a-914a-1a7f08064090	OBSERVER	2026-02-21 10:52:29.198	\N	2026-02-21 15:38:05.953	2026-02-21 15:40:55.648	t	f	2026-02-21 03:52:17.683532	f	2026-02-22 11:00:00	\N	2026-02-21 17:57:49.204	2
2e885d38-8a80-4cc1-8a77-a8f6c3bc10b9	8c4fd8f9-9156-4bec-afdf-291f55f55f10	261430db-300b-4481-b0c4-dc032c656057	DEFENDANT	2026-02-21 10:52:29.198	\N	2026-02-21 18:00:33.125	\N	t	t	2026-02-21 03:52:17.683532	t	2026-02-22 11:00:00	\N	2026-02-21 18:00:33.125	0
808968d2-dae5-4b20-8956-57487c66fbde	d6018130-fd6d-41ed-a339-abf6eae6aec7	b2c3d4e5-f6a7-8901-bcde-f12345678911	MODERATOR	2026-02-19 23:13:33.895	2026-02-19 23:13:33.895	2026-02-19 23:18:57.486	2026-02-21 19:58:44.389	f	f	2026-02-19 16:13:22.23728	t	2026-02-20 21:15:00	\N	2026-02-21 19:58:38.865	6
2d4472fa-3eca-4bbc-8288-8a26dc1a8711	8c4fd8f9-9156-4bec-afdf-291f55f55f10	b2c3d4e5-f6a7-8901-bcde-f12345678911	MODERATOR	2026-02-21 10:52:29.198	2026-02-21 10:52:29.198	2026-02-21 10:53:48.309	2026-02-21 20:32:47.535	f	f	2026-02-21 03:52:17.683532	t	2026-02-22 11:00:00	\N	2026-02-21 20:19:38.644	62
c432942e-7da2-4629-8915-2dda531f99e0	d6018130-fd6d-41ed-a339-abf6eae6aec7	12ebc462-d122-4a3a-914a-1a7f08064090	DEFENDANT	2026-02-19 23:13:33.895	\N	2026-02-19 23:16:10.477	2026-02-19 23:20:58.042	t	f	2026-02-19 16:13:22.23728	t	2026-02-20 21:15:00	\N	2026-02-19 23:25:03.965	3
9bbc93cd-05ee-4a02-ae32-4d6ea0326ea2	d6018130-fd6d-41ed-a339-abf6eae6aec7	261430db-300b-4481-b0c4-dc032c656057	WITNESS	2026-02-19 23:13:33.895	\N	2026-02-19 23:15:26.663	2026-02-19 23:20:55.155	t	f	2026-02-19 16:13:22.23728	t	2026-02-20 21:15:00	\N	2026-02-19 23:27:32.549	5
af23c809-d451-47f8-91d5-60d39d87573c	d6018130-fd6d-41ed-a339-abf6eae6aec7	af0fd4f6-e9b9-4744-9f8f-b40d264b92c5	RAISER	2026-02-19 23:13:33.895	\N	2026-02-19 23:14:34.162	2026-02-21 11:13:33.436	f	f	2026-02-19 16:13:22.23728	t	2026-02-20 21:15:00	\N	2026-02-21 11:13:31.521	3
\.


--
-- Data for Name: hearing_reminder_deliveries; Type: TABLE DATA; Schema: public; Owner: postgres
--

COPY public.hearing_reminder_deliveries (id, "hearingId", "userId", "reminderType", "scheduledFor", "notificationId", "emailSent", "emailSentAt", "deliveredAt") FROM stdin;
a2e23ee2-c247-4fda-8ca0-768bc49fe348	d6018130-fd6d-41ed-a339-abf6eae6aec7	af0fd4f6-e9b9-4744-9f8f-b40d264b92c5	T24H	2026-02-20 23:15:00	95f9a482-3c31-4f09-96c6-330641b46e84	t	2026-02-19 23:14:04.87	2026-02-19 16:13:53.212403
99d8bed8-f9dd-4538-96b6-aee7b18cf089	d6018130-fd6d-41ed-a339-abf6eae6aec7	12ebc462-d122-4a3a-914a-1a7f08064090	T24H	2026-02-20 23:15:00	46b7eaac-7650-4bb7-aaf4-8e27a824c89a	t	2026-02-19 23:14:08.295	2026-02-19 16:13:56.63821
dd1776f1-1eef-4cf3-8e2b-d049cf258539	d6018130-fd6d-41ed-a339-abf6eae6aec7	b2c3d4e5-f6a7-8901-bcde-f12345678911	T24H	2026-02-20 23:15:00	4897709e-eae2-4720-9483-90ab02b39794	t	2026-02-19 23:14:12.815	2026-02-19 16:14:01.161188
fd38f278-6f09-4660-89fe-f98988333724	d6018130-fd6d-41ed-a339-abf6eae6aec7	261430db-300b-4481-b0c4-dc032c656057	T24H	2026-02-20 23:15:00	0754f57a-5caf-4a4f-a573-138331c9a487	t	2026-02-19 23:14:16.404	2026-02-19 16:14:04.746849
c2a6c231-46e3-4e4e-b865-d0c78ce17eef	8c4fd8f9-9156-4bec-afdf-291f55f55f10	af0fd4f6-e9b9-4744-9f8f-b40d264b92c5	T24H	2026-02-22 13:00:00	153fc044-5bda-4c87-8686-1af653c65f8d	t	2026-02-21 12:58:06.078	2026-02-21 05:57:54.542826
0424ca95-28a9-4c5b-93a0-fdc7b48b0ff7	8c4fd8f9-9156-4bec-afdf-291f55f55f10	261430db-300b-4481-b0c4-dc032c656057	T24H	2026-02-22 13:00:00	d4ced338-f5b3-4bad-87d6-844541d35665	t	2026-02-21 12:58:11.763	2026-02-21 05:58:00.239165
7e9af607-6fa1-4529-89f1-ab59f096d120	8c4fd8f9-9156-4bec-afdf-291f55f55f10	12ebc462-d122-4a3a-914a-1a7f08064090	T24H	2026-02-22 13:00:00	954b355c-c644-442a-8993-b42dc5315257	t	2026-02-21 12:58:17.035	2026-02-21 05:58:05.504376
b8137331-4925-4881-a390-705c82678d22	8c4fd8f9-9156-4bec-afdf-291f55f55f10	b2c3d4e5-f6a7-8901-bcde-f12345678911	T24H	2026-02-22 13:00:00	f630457c-011a-4df6-8158-38b905a3cbe3	t	2026-02-21 12:58:22.233	2026-02-21 05:58:10.688207
\.


--
-- PostgreSQL database dump complete
--

